country,n,tau,female_coef_ci_low,female_coef_ci_high,female_coef_sig,female_coef_p_boot,ci_level,delta_top_bottom_point,delta_top_bottom_ci_low,delta_top_bottom_ci_high,delta_top_bottom_sig,delta_top_bottom_p_boot,delta_top_bottom_p_perm,classification,reason,delta_abs,delta_std_sd,hy_sd,hy_iqr,epsilon,epsilon_mode,prob_bottom_female0,prob_bottom_female1,prob_top_female0,prob_top_female1,delta_prob,bootstrap_success_n,bootstrap_total_n,unstable_CI,qr_warn_count,qr_fit_count,qr_warn_rate,high_warn,estimand_mode,female_coef_point
india,12677,0.2,-7.30862734138471e-08,-1.9043195961798708e-08,True,0.0,0.95,2.2097157548195412e-08,-6.372801605869502e-09,4.403533635372048e-08,False,0.12,,no_heterogeneity,规则未触发显著差异,2.2097157548195412e-08,1.4250109234361032e-08,1.5506658359441157,3.306196200852012,0.031013316718882314,sd_pct,0.0,0.0,0.524,0.5,0.02400000000000002,200.0,200.0,False,0.0,3.0,0.0,False,single_index,-3.7603337332825504e-08
india,12677,0.5,,,,,,,,,,,,,,,,,,,,,,,,,,,,,,,,,-0.4952266103854015
india,12677,0.8,-5.6706815970697365e-08,3.3992501355384343e-09,False,0.12,0.95,2.2097157548195412e-08,-6.372801605869502e-09,4.403533635372048e-08,False,0.12,,no_heterogeneity,规则未触发显著差异,2.2097157548195412e-08,1.4250109234361032e-08,1.5506658359441157,3.306196200852012,0.031013316718882314,sd_pct,0.0,0.0,0.524,0.5,0.02400000000000002,200.0,200.0,False,0.0,3.0,0.0,False,single_index,-1.5506179784630092e-08
us,19758,0.2,-2.6293991570169873e-08,1.93716974232483e-08,False,0.64,0.95,1.2553568934370318e-08,-2.2152742425174334e-09,1.8000460657446873e-08,False,0.09,,both_non_sig,两端均不显著,1.2553568934370318e-08,8.847023223467885e-09,1.418959645213809,2.867071595444957,0.02837919290427618,sd_pct,0.0,0.0,0.524,0.524,0.0,200.0,200.0,False,0.0,3.0,0.0,False,single_index,-2.669771292929113e-09
us,19758,0.5,,,,,,,,,,,,,,,,,,,,,,,,,,,,,,,,,1.9744153872958137e-07
us,19758,0.8,-1.4270863010062968e-08,2.028133837400638e-08,False,0.75,0.95,1.2553568934370318e-08,-2.2152742425174334e-09,1.8000460657446873e-08,False,0.09,,both_non_sig,两端均不显著,1.2553568934370318e-08,8.847023223467885e-09,1.418959645213809,2.867071595444957,0.02837919290427618,sd_pct,0.0,0.0,0.524,0.524,0.0,200.0,200.0,False,0.0,3.0,0.0,False,single_index,9.883797641441205e-09
