analysis_level,country,quantile,position,male_avg_distance,female_avg_distance,gap_female_minus_male
country,india,0.2,bottom,0.15669370052698814,0.11929136533504622,-0.037402335191941916
country,india,0.5,middle,-0.050899688923378476,-0.027979805624328728,0.02291988329904975
country,india,0.8,top,-1.6261105973393069,-0.8408047419454199,0.785305855393887
country,us,0.2,bottom,-0.6748516969636604,-0.803062564699607,-0.1282108677359466
country,us,0.5,middle,-0.6747156441094905,-0.8031716342763939,-0.12845599016690346
country,us,0.8,top,-1.7938818699022443,-1.7986583516208825,-0.004776481718638204
